{"cameraMode":{"drawMode":0,"name":"Shaded","section":"Shading Mode"},"sceneLighting":true,"audioPlay":false,"sceneViewState":{"m_AlwaysRefresh":false,"showFog":true,"showSkybox":true,"showFlares":true,"showImageEffects":true,"showParticleSystems":true,"showVisualEffectGraphs":true,"m_FxEnabled":true},"in2DMode":false,"pivot":{"x":1.1948215961456299,"y":-2.4942514896392824,"z":2.2708070278167726},"rotation":{"x":0.36769846081733706,"y":0.03485647216439247,"z":-0.01379304938018322,"w":0.9291918277740479},"size":20.21709442138672,"orthographic":false}